danceability,energy,key,loudness,mode,speechiness,acousticness,instrumentalness,liveness,valence,tempo,type,id,uri,track_href,analysis_url,duration_ms,time_signature,Artist,Track Name
0.725,0.321,1,-10.744,0,0.323,0.578,0.0,0.0884,0.319,70.142,audio_features,14msK75pk3pA33pzPVNtBF,spotify:track:14msK75pk3pA33pzPVNtBF,https://api.spotify.com/v1/tracks/14msK75pk3pA33pzPVNtBF,https://api.spotify.com/v1/audio-analysis/14msK75pk3pA33pzPVNtBF,178640,4,Ariana Grande,7 rings
0.726,0.554,5,-5.29,0,0.0917,0.0421,0.0,0.106,0.335,169.999,audio_features,4kV4N9D1iKVxx1KLvtTpjS,spotify:track:4kV4N9D1iKVxx1KLvtTpjS,https://api.spotify.com/v1/tracks/4kV4N9D1iKVxx1KLvtTpjS,https://api.spotify.com/v1/audio-analysis/4kV4N9D1iKVxx1KLvtTpjS,190440,4,Ariana Grande,"break up with your girlfriend, i'm bored"
0.878,0.619,6,-5.56,1,0.102,0.0533,0.0,0.113,0.639,136.041,audio_features,6u7jPi22kF8CTQ3rb9DHE7,spotify:track:6u7jPi22kF8CTQ3rb9DHE7,https://api.spotify.com/v1/tracks/6u7jPi22kF8CTQ3rb9DHE7,https://api.spotify.com/v1/audio-analysis/6u7jPi22kF8CTQ3rb9DHE7,157067,4,Lil Nas X,Old Town Road (feat. Billy Ray Cyrus) - Remix
0.837,0.364,8,-11.713,1,0.276,0.149,0.0,0.271,0.463,123.984,audio_features,2JvzF1RMd7lE3KmFlsyZD8,spotify:track:2JvzF1RMd7lE3KmFlsyZD8,https://api.spotify.com/v1/tracks/2JvzF1RMd7lE3KmFlsyZD8,https://api.spotify.com/v1/audio-analysis/2JvzF1RMd7lE3KmFlsyZD8,213594,4,J. Cole,MIDDLE CHILD
0.598,0.427,7,-8.764,0,0.0317,0.0546,5.83e-06,0.21,0.0605,76.469,audio_features,3eekarcy7kvN4yt5ZFzltW,spotify:track:3eekarcy7kvN4yt5ZFzltW,https://api.spotify.com/v1/tracks/3eekarcy7kvN4yt5ZFzltW,https://api.spotify.com/v1/audio-analysis/3eekarcy7kvN4yt5ZFzltW,175721,4,Travis Scott,HIGHEST IN THE ROOM
0.695,0.762,0,-3.497,1,0.0395,0.192,0.00244,0.0863,0.553,120.042,audio_features,51MMC5DogGZAnHil5HQAXg,spotify:track:51MMC5DogGZAnHil5HQAXg,https://api.spotify.com/v1/tracks/51MMC5DogGZAnHil5HQAXg,https://api.spotify.com/v1/audio-analysis/51MMC5DogGZAnHil5HQAXg,215280,4,Post Malone,Circles
0.701,0.425,7,-10.965,1,0.375,0.328,0.13,0.1,0.562,135.128,audio_features,2Fxmhks0bxGSBdJ92vM42m,spotify:track:2Fxmhks0bxGSBdJ92vM42m,https://api.spotify.com/v1/tracks/2Fxmhks0bxGSBdJ92vM42m,https://api.spotify.com/v1/audio-analysis/2Fxmhks0bxGSBdJ92vM42m,194088,4,Billie Eilish,bad guy
0.842,0.734,1,-5.065,0,0.0588,0.0427,0.0,0.106,0.952,137.958,audio_features,4y3OI86AEP6PQoDE6olYhO,spotify:track:4y3OI86AEP6PQoDE6olYhO,https://api.spotify.com/v1/tracks/4y3OI86AEP6PQoDE6olYhO,https://api.spotify.com/v1/audio-analysis/4y3OI86AEP6PQoDE6olYhO,181040,4,Jonas Brothers,Sucker
0.529,0.9,1,-3.503,1,0.418,0.000248,1.21e-05,0.0426,0.434,180.291,audio_features,2QpGZOhTCHHiKmpSO9FW4h,spotify:track:2QpGZOhTCHHiKmpSO9FW4h,https://api.spotify.com/v1/tracks/2QpGZOhTCHHiKmpSO9FW4h,https://api.spotify.com/v1/audio-analysis/2QpGZOhTCHHiKmpSO9FW4h,104591,4,Kanye West,Follow God
0.908,0.517,1,-6.063,1,0.129,0.0361,1.73e-06,0.0949,0.471,136.019,audio_features,53CJANUxooaqGOtdsBTh7O,spotify:track:53CJANUxooaqGOtdsBTh7O,https://api.spotify.com/v1/tracks/53CJANUxooaqGOtdsBTh7O,https://api.spotify.com/v1/audio-analysis/53CJANUxooaqGOtdsBTh7O,113013,4,Lil Nas X,Old Town Road
0.617,0.684,0,-3.618,1,0.0439,0.0545,0.0,0.104,0.295,132.113,audio_features,7C39RtGhnEw7cyf0Pyw7PV,spotify:track:7C39RtGhnEw7cyf0Pyw7PV,https://api.spotify.com/v1/tracks/7C39RtGhnEw7cyf0Pyw7PV,https://api.spotify.com/v1/audio-analysis/7C39RtGhnEw7cyf0Pyw7PV,150867,4,Post Malone,Saint-Tropez
0.737,0.461,6,-6.887,1,0.293,0.447,0.0,0.268,0.481,75.005,audio_features,4SPu0Ql902hTVXkBoNIYtq,spotify:track:4SPu0Ql902hTVXkBoNIYtq,https://api.spotify.com/v1/tracks/4SPu0Ql902hTVXkBoNIYtq,https://api.spotify.com/v1/audio-analysis/4SPu0Ql902hTVXkBoNIYtq,182000,4,Ariana Grande,NASA
0.499,0.8,1,-2.665,0,0.0502,0.0906,0.0,0.147,0.272,139.919,audio_features,4Yq3XUNfWrAPWuB94qkC09,spotify:track:4Yq3XUNfWrAPWuB94qkC09,https://api.spotify.com/v1/tracks/4Yq3XUNfWrAPWuB94qkC09,https://api.spotify.com/v1/audio-analysis/4Yq3XUNfWrAPWuB94qkC09,229573,4,Post Malone,Take What You Want (feat. Ozzy Osbourne & Travis Scott)
0.76,0.479,2,-5.574,1,0.0466,0.556,0.0,0.0703,0.913,89.911,audio_features,3KkXRkHbMCARz0aVfEt68P,spotify:track:3KkXRkHbMCARz0aVfEt68P,https://api.spotify.com/v1/tracks/3KkXRkHbMCARz0aVfEt68P,https://api.spotify.com/v1/audio-analysis/3KkXRkHbMCARz0aVfEt68P,158040,4,Post Malone,Sunflower - Spider-Man: Into the Spider-Verse
0.647,0.309,7,-7.948,0,0.0366,0.78,7.41e-06,0.202,0.195,87.045,audio_features,1TEL6MlSSVLSdhOSddidlJ,spotify:track:1TEL6MlSSVLSdhOSddidlJ,https://api.spotify.com/v1/tracks/1TEL6MlSSVLSdhOSddidlJ,https://api.spotify.com/v1/audio-analysis/1TEL6MlSSVLSdhOSddidlJ,171573,4,Ariana Grande,needy
0.58,0.653,5,-3.818,1,0.0745,0.447,0.0,0.111,0.175,150.231,audio_features,6vBdBCoOhKHiYDDOcorfNo,spotify:track:6vBdBCoOhKHiYDDOcorfNo,https://api.spotify.com/v1/tracks/6vBdBCoOhKHiYDDOcorfNo,https://api.spotify.com/v1/audio-analysis/6vBdBCoOhKHiYDDOcorfNo,174960,4,Post Malone,Goodbyes (Feat. Young Thug)
0.542,0.674,6,-4.169,1,0.21,0.0588,0.0,0.0955,0.667,76.388,audio_features,6UFEJuDXQMWhL5UH5f9fUR,spotify:track:6UFEJuDXQMWhL5UH5f9fUR,https://api.spotify.com/v1/tracks/6UFEJuDXQMWhL5UH5f9fUR,https://api.spotify.com/v1/audio-analysis/6UFEJuDXQMWhL5UH5f9fUR,196760,4,Post Malone,Enemies (feat. DaBaby)
0.505,0.34,4,-9.005,1,0.0438,0.576,0.0,0.21,0.0916,101.993,audio_features,1HfMVBKM75vxSfsQ5VefZ5,spotify:track:1HfMVBKM75vxSfsQ5VefZ5,https://api.spotify.com/v1/tracks/1HfMVBKM75vxSfsQ5VefZ5,https://api.spotify.com/v1/audio-analysis/1HfMVBKM75vxSfsQ5VefZ5,206459,4,Selena Gomez,Lose You To Love Me
0.759,0.54,9,-6.039,0,0.0287,0.037,0.0,0.0945,0.75,116.947,audio_features,0TK2YIli7K1leLovkQiNik,spotify:track:0TK2YIli7K1leLovkQiNik,https://api.spotify.com/v1/tracks/0TK2YIli7K1leLovkQiNik,https://api.spotify.com/v1/audio-analysis/0TK2YIli7K1leLovkQiNik,190960,4,Shawn Mendes,Señorita
0.798,0.675,6,-5.041,1,0.0442,0.0912,0.0,0.0894,0.842,101.956,audio_features,3HVWdVOQ0ZA45FuZGSfvns,spotify:track:3HVWdVOQ0ZA45FuZGSfvns,https://api.spotify.com/v1/tracks/3HVWdVOQ0ZA45FuZGSfvns,https://api.spotify.com/v1/audio-analysis/3HVWdVOQ0ZA45FuZGSfvns,219947,4,Ed Sheeran,I Don't Care (with Justin Bieber)
0.614,0.839,0,-4.143,1,0.0702,0.0291,0.0,0.112,0.657,182.123,audio_features,4Sib57MmYGJzSvkW84jTwh,spotify:track:4Sib57MmYGJzSvkW84jTwh,https://api.spotify.com/v1/tracks/4Sib57MmYGJzSvkW84jTwh,https://api.spotify.com/v1/audio-analysis/4Sib57MmYGJzSvkW84jTwh,193040,4,Taylor Swift,ME! (feat. Brendon Urie of Panic! At The Disco)
0.405,0.646,4,-3.206,0,0.0476,0.331,0.0,0.103,0.17,130.218,audio_features,77Y7tccX9Hx5iClDr39uy9,spotify:track:77Y7tccX9Hx5iClDr39uy9,https://api.spotify.com/v1/tracks/77Y7tccX9Hx5iClDr39uy9,https://api.spotify.com/v1/audio-analysis/77Y7tccX9Hx5iClDr39uy9,156267,4,Post Malone,Hollywood's Bleeding
0.722,0.764,10,-5.656,0,0.398,0.145,0.0,0.171,0.796,139.831,audio_features,0Lw6aQcBFWTQ9m4MSwwwes,spotify:track:0Lw6aQcBFWTQ9m4MSwwwes,https://api.spotify.com/v1/tracks/0Lw6aQcBFWTQ9m4MSwwwes,https://api.spotify.com/v1/audio-analysis/0Lw6aQcBFWTQ9m4MSwwwes,245413,4,Logic,Homicide
0.833,0.539,11,-7.399,0,0.178,0.163,2.1e-06,0.101,0.385,99.947,audio_features,6MWtB6iiXyIwun0YzU6DFP,spotify:track:6MWtB6iiXyIwun0YzU6DFP,https://api.spotify.com/v1/tracks/6MWtB6iiXyIwun0YzU6DFP,https://api.spotify.com/v1/audio-analysis/6MWtB6iiXyIwun0YzU6DFP,149520,4,Post Malone,Wow.
0.847,0.58,1,-5.316,1,0.0723,0.0276,0.0548,0.1,0.575,137.995,audio_features,7EQpvVujgytLVY8vKiDHAg,spotify:track:7EQpvVujgytLVY8vKiDHAg,https://api.spotify.com/v1/tracks/7EQpvVujgytLVY8vKiDHAg,https://api.spotify.com/v1/audio-analysis/7EQpvVujgytLVY8vKiDHAg,267107,4,Ariana Grande,bad idea
0.881,0.457,7,-8.191,0,0.156,0.0327,0.0,0.231,0.296,136.97,audio_features,2Ec33AVlkTTq8BHFgBTdQs,spotify:track:2Ec33AVlkTTq8BHFgBTdQs,https://api.spotify.com/v1/tracks/2Ec33AVlkTTq8BHFgBTdQs,https://api.spotify.com/v1/audio-analysis/2Ec33AVlkTTq8BHFgBTdQs,198913,4,Lil Uzi Vert,Futsal Shuffle 2020
0.703,0.594,5,-6.146,0,0.0752,0.342,0.0,0.123,0.475,153.848,audio_features,6fTt0CH2t0mdeB2N9XFG5r,spotify:track:6fTt0CH2t0mdeB2N9XFG5r,https://api.spotify.com/v1/tracks/6fTt0CH2t0mdeB2N9XFG5r,https://api.spotify.com/v1/audio-analysis/6fTt0CH2t0mdeB2N9XFG5r,114893,4,Lil Nas X,Panini
0.758,0.665,2,-5.188,0,0.0774,0.0815,0.000157,0.216,0.643,151.976,audio_features,2hloaUoRonYssMuqLCBLTX,spotify:track:2hloaUoRonYssMuqLCBLTX,https://api.spotify.com/v1/tracks/2hloaUoRonYssMuqLCBLTX,https://api.spotify.com/v1/audio-analysis/2hloaUoRonYssMuqLCBLTX,216893,4,Ariana Grande,bloodline
0.359,0.543,7,-7.582,1,0.0919,0.492,1.58e-05,0.118,0.453,68.534,audio_features,1dGr1c8CrMLDpV6mPbImSI,spotify:track:1dGr1c8CrMLDpV6mPbImSI,https://api.spotify.com/v1/tracks/1dGr1c8CrMLDpV6mPbImSI,https://api.spotify.com/v1/audio-analysis/1dGr1c8CrMLDpV6mPbImSI,221307,4,Taylor Swift,Lover
0.745,0.642,7,-6.257,0,0.287,0.0204,0.0,0.0658,0.226,179.974,audio_features,1kBbgxAUc4HQv7cgIayIDH,spotify:track:1kBbgxAUc4HQv7cgIayIDH,https://api.spotify.com/v1/tracks/1kBbgxAUc4HQv7cgIayIDH,https://api.spotify.com/v1/audio-analysis/1kBbgxAUc4HQv7cgIayIDH,131280,4,Lil Tecca,Ransom
0.717,0.653,1,-5.634,1,0.0658,0.229,0.0,0.101,0.412,106.966,audio_features,3e9HZxeyfWwjeyPAMmWSSQ,spotify:track:3e9HZxeyfWwjeyPAMmWSSQ,https://api.spotify.com/v1/tracks/3e9HZxeyfWwjeyPAMmWSSQ,https://api.spotify.com/v1/audio-analysis/3e9HZxeyfWwjeyPAMmWSSQ,207320,4,Ariana Grande,"thank u, next"
0.905,0.389,8,-14.505,1,0.332,0.74,0.162,0.106,0.196,120.046,audio_features,4NzMOnvSJVNKF7nw5NkXIP,spotify:track:4NzMOnvSJVNKF7nw5NkXIP,https://api.spotify.com/v1/tracks/4NzMOnvSJVNKF7nw5NkXIP,https://api.spotify.com/v1/audio-analysis/4NzMOnvSJVNKF7nw5NkXIP,193143,4,Billie Eilish,bury a friend
0.831,0.502,10,-4.045,0,0.046,0.101,0.0,0.122,0.101,100.541,audio_features,5ry2OE6R2zPQFDO85XkgRb,spotify:track:5ry2OE6R2zPQFDO85XkgRb,https://api.spotify.com/v1/tracks/5ry2OE6R2zPQFDO85XkgRb,https://api.spotify.com/v1/audio-analysis/5ry2OE6R2zPQFDO85XkgRb,205427,4,Drake,Money In The Grave (Drake ft. Rick Ross)
0.554,0.498,9,-8.866,1,0.0685,0.23,5.98e-06,0.795,0.413,79.635,audio_features,5hVghJ4KaYES3BFUATCYn0,spotify:track:5hVghJ4KaYES3BFUATCYn0,https://api.spotify.com/v1/tracks/5hVghJ4KaYES3BFUATCYn0,https://api.spotify.com/v1/audio-analysis/5hVghJ4KaYES3BFUATCYn0,190067,4,"Tyler, The Creator",EARFQUAKE
0.45,0.619,9,-7.412,1,0.372,0.329,0.0,0.319,0.427,83.3,audio_features,3wFLWP0FcIqHK1wb1CPthQ,spotify:track:3wFLWP0FcIqHK1wb1CPthQ,https://api.spotify.com/v1/tracks/3wFLWP0FcIqHK1wb1CPthQ,https://api.spotify.com/v1/audio-analysis/3wFLWP0FcIqHK1wb1CPthQ,208880,4,Ariana Grande,fake smile
0.704,0.225,6,-14.454,0,0.0994,0.902,0.657,0.106,0.243,120.006,audio_features,3ZCTVFBt2Brf31RLEnCkWJ,spotify:track:3ZCTVFBt2Brf31RLEnCkWJ,https://api.spotify.com/v1/tracks/3ZCTVFBt2Brf31RLEnCkWJ,https://api.spotify.com/v1/audio-analysis/3ZCTVFBt2Brf31RLEnCkWJ,245426,4,Billie Eilish,everything i wanted
0.614,0.66,0,-2.848,1,0.0441,0.19,0.0,0.211,0.452,145.01,audio_features,59PYPDxTbqJpiGfyogPb5h,spotify:track:59PYPDxTbqJpiGfyogPb5h,https://api.spotify.com/v1/tracks/59PYPDxTbqJpiGfyogPb5h,https://api.spotify.com/v1/audio-analysis/59PYPDxTbqJpiGfyogPb5h,245267,4,Post Malone,Die For Me (feat. Future & Halsey)
0.796,0.586,4,-6.946,0,0.147,0.0247,0.0,0.132,0.179,97.981,audio_features,7DcvwMAiqKJQD1rrdfxSDx,spotify:track:7DcvwMAiqKJQD1rrdfxSDx,https://api.spotify.com/v1/tracks/7DcvwMAiqKJQD1rrdfxSDx,https://api.spotify.com/v1/audio-analysis/7DcvwMAiqKJQD1rrdfxSDx,200107,4,Young Thug,The London (feat. J. Cole & Travis Scott)
0.621,0.601,6,-5.616,0,0.148,0.0522,0.0,0.46,0.457,116.735,audio_features,696DnlkuDOXcMAnKlTgXXK,spotify:track:696DnlkuDOXcMAnKlTgXXK,https://api.spotify.com/v1/tracks/696DnlkuDOXcMAnKlTgXXK,https://api.spotify.com/v1/audio-analysis/696DnlkuDOXcMAnKlTgXXK,163636,5,Arizona Zervas,ROXANNE
0.396,0.358,9,-8.294,1,0.0292,0.422,1.71e-05,0.19,0.111,103.807,audio_features,4lD7gHKF1e8Y9stQuVezZB,spotify:track:4lD7gHKF1e8Y9stQuVezZB,https://api.spotify.com/v1/tracks/4lD7gHKF1e8Y9stQuVezZB,https://api.spotify.com/v1/audio-analysis/4lD7gHKF1e8Y9stQuVezZB,271467,4,Ariana Grande,ghostin
0.853,0.351,7,-10.198,1,0.241,0.39,9.38e-06,0.752,0.282,118.028,audio_features,3Fj47GNK2kUF0uaEDgXLaD,spotify:track:3Fj47GNK2kUF0uaEDgXLaD,https://api.spotify.com/v1/tracks/3Fj47GNK2kUF0uaEDgXLaD,https://api.spotify.com/v1/audio-analysis/3Fj47GNK2kUF0uaEDgXLaD,221543,4,Billie Eilish,wish you were gay
0.4,0.795,10,-3.731,0,0.461,0.119,0.0,0.159,0.702,190.097,audio_features,0Ryd8975WihbObpp5cPW1t,spotify:track:0Ryd8975WihbObpp5cPW1t,https://api.spotify.com/v1/tracks/0Ryd8975WihbObpp5cPW1t,https://api.spotify.com/v1/audio-analysis/0Ryd8975WihbObpp5cPW1t,186107,4,Ariana Grande,boyfriend (with Social House)
0.768,0.678,2,-5.604,1,0.0505,0.00838,0.0,0.0596,0.706,85.025,audio_features,29fRTIKsJhLUJoldM89GZS,spotify:track:29fRTIKsJhLUJoldM89GZS,https://api.spotify.com/v1/tracks/29fRTIKsJhLUJoldM89GZS,https://api.spotify.com/v1/audio-analysis/29fRTIKsJhLUJoldM89GZS,171387,4,Taylor Swift,You Need To Calm Down
0.531,0.75,10,-5.831,0,0.111,0.00632,7.6e-05,0.117,0.198,169.954,audio_features,57vxBYXtHMk6H1aD29V7PU,spotify:track:57vxBYXtHMk6H1aD29V7PU,https://api.spotify.com/v1/tracks/57vxBYXtHMk6H1aD29V7PU,https://api.spotify.com/v1/audio-analysis/57vxBYXtHMk6H1aD29V7PU,200080,4,The Weeknd,Heartless
0.654,0.63,10,-4.644,1,0.0259,0.153,0.0,0.111,0.43,89.991,audio_features,2wrJq5XKLnmhRXHIAf9xBa,spotify:track:2wrJq5XKLnmhRXHIAf9xBa,https://api.spotify.com/v1/tracks/2wrJq5XKLnmhRXHIAf9xBa,https://api.spotify.com/v1/audio-analysis/2wrJq5XKLnmhRXHIAf9xBa,167693,4,Dan + Shay,"10,000 Hours (with Justin Bieber)"
0.442,0.737,7,-5.046,1,0.109,0.0589,0.0,0.102,0.21,112.93,audio_features,0hGH0S74Eoyv6mXZcOKtdQ,spotify:track:0hGH0S74Eoyv6mXZcOKtdQ,https://api.spotify.com/v1/tracks/0hGH0S74Eoyv6mXZcOKtdQ,https://api.spotify.com/v1/audio-analysis/0hGH0S74Eoyv6mXZcOKtdQ,218320,5,Post Malone,On The Road (feat. Meek Mill & Lil Baby)
0.777,0.658,0,-5.191,1,0.054,0.0767,0.0,0.0901,0.633,110.048,audio_features,3RauEVgRgj1IuWdJ9fDs70,spotify:track:3RauEVgRgj1IuWdJ9fDs70,https://api.spotify.com/v1/tracks/3RauEVgRgj1IuWdJ9fDs70,https://api.spotify.com/v1/audio-analysis/3RauEVgRgj1IuWdJ9fDs70,190360,4,Taylor Swift,The Man
0.729,0.475,8,-4.985,1,0.0364,0.378,0.0,0.12,0.371,62.52,audio_features,39LmTF9RgyakzSYX8txrow,spotify:track:39LmTF9RgyakzSYX8txrow,https://api.spotify.com/v1/tracks/39LmTF9RgyakzSYX8txrow,https://api.spotify.com/v1/audio-analysis/39LmTF9RgyakzSYX8txrow,212267,3,Ariana Grande,imagine
0.632,0.732,6,-3.498,1,0.092,0.105,1.15e-05,0.111,0.317,159.0,audio_features,3hFG4jR5stnIQJDI64KlJY,spotify:track:3hFG4jR5stnIQJDI64KlJY,https://api.spotify.com/v1/tracks/3hFG4jR5stnIQJDI64KlJY,https://api.spotify.com/v1/audio-analysis/3hFG4jR5stnIQJDI64KlJY,221173,4,Post Malone,A Thousand Bad Times
0.662,0.6,0,-6.402,1,0.0703,0.173,0.000137,0.109,0.331,134.979,audio_features,4T652DlATVHe0jdLKaN3Bw,spotify:track:4T652DlATVHe0jdLKaN3Bw,https://api.spotify.com/v1/tracks/4T652DlATVHe0jdLKaN3Bw,https://api.spotify.com/v1/audio-analysis/4T652DlATVHe0jdLKaN3Bw,222947,4,Ariana Grande,in my head
0.896,0.586,10,-6.687,0,0.0559,0.104,0.0,0.79,0.642,116.971,audio_features,0nbXyq5TXYPCO7pr3N8S4I,spotify:track:0nbXyq5TXYPCO7pr3N8S4I,https://api.spotify.com/v1/tracks/0nbXyq5TXYPCO7pr3N8S4I,https://api.spotify.com/v1/audio-analysis/0nbXyq5TXYPCO7pr3N8S4I,196653,4,Roddy Ricch,The Box
0.585,0.62,3,-8.09,0,0.0327,0.0426,0.00224,0.15,0.281,101.939,audio_features,2plLJpUcYPFrl1sW2pMG63,spotify:track:2plLJpUcYPFrl1sW2pMG63,https://api.spotify.com/v1/tracks/2plLJpUcYPFrl1sW2pMG63,https://api.spotify.com/v1/audio-analysis/2plLJpUcYPFrl1sW2pMG63,172227,4,Harry Styles,Lights Up
0.685,0.692,2,-5.122,1,0.0457,0.328,0.0,0.153,0.578,159.966,audio_features,6Hj9jySrnFppAI0sEMCZpJ,spotify:track:6Hj9jySrnFppAI0sEMCZpJ,https://api.spotify.com/v1/tracks/6Hj9jySrnFppAI0sEMCZpJ,https://api.spotify.com/v1/audio-analysis/6Hj9jySrnFppAI0sEMCZpJ,240051,5,Juice WRLD,Robbery
0.759,0.73,0,-7.985,0,0.0516,0.145,3.06e-06,0.11,0.74,115.007,audio_features,7eBqSVxrzQZtK2mmgRG6lC,spotify:track:7eBqSVxrzQZtK2mmgRG6lC,https://api.spotify.com/v1/tracks/7eBqSVxrzQZtK2mmgRG6lC,https://api.spotify.com/v1/audio-analysis/7eBqSVxrzQZtK2mmgRG6lC,268434,4,YNW Melly,Murder On My Mind
0.336,0.627,7,-7.463,1,0.0384,0.164,0.0,0.0708,0.35,150.273,audio_features,0bYg9bo50gSsH3LtXe2SQn,spotify:track:0bYg9bo50gSsH3LtXe2SQn,https://api.spotify.com/v1/tracks/0bYg9bo50gSsH3LtXe2SQn,https://api.spotify.com/v1/audio-analysis/0bYg9bo50gSsH3LtXe2SQn,241107,4,Mariah Carey,All I Want for Christmas Is You
0.799,0.291,11,-7.353,0,0.0318,0.873,0.000641,0.139,0.406,97.984,audio_features,3JWiDGQX2eTlFvKj3Yssj3,spotify:track:3JWiDGQX2eTlFvKj3Yssj3,https://api.spotify.com/v1/tracks/3JWiDGQX2eTlFvKj3Yssj3,https://api.spotify.com/v1/audio-analysis/3JWiDGQX2eTlFvKj3Yssj3,151873,4,Kanye West,Closed On Sunday
0.41,0.886,9,-4.413,0,0.155,0.0671,0.0,0.461,0.393,72.577,audio_features,2SasoXZyv82yYgHiVOvxQn,spotify:track:2SasoXZyv82yYgHiVOvxQn,https://api.spotify.com/v1/tracks/2SasoXZyv82yYgHiVOvxQn,https://api.spotify.com/v1/audio-analysis/2SasoXZyv82yYgHiVOvxQn,136351,4,Kanye West,On God
0.889,0.496,4,-6.365,0,0.0905,0.259,0.0,0.252,0.544,86.003,audio_features,2IRZnDFmlqMuOrYOLnZZyc,spotify:track:2IRZnDFmlqMuOrYOLnZZyc,https://api.spotify.com/v1/tracks/2IRZnDFmlqMuOrYOLnZZyc,https://api.spotify.com/v1/audio-analysis/2IRZnDFmlqMuOrYOLnZZyc,180522,4,Meek Mill,Going Bad (feat. Drake)
0.552,0.702,9,-5.707,1,0.157,0.117,2.06e-05,0.105,0.564,169.994,audio_features,1BxfuPKGuaTgP7aM0Bbdwr,spotify:track:1BxfuPKGuaTgP7aM0Bbdwr,https://api.spotify.com/v1/tracks/1BxfuPKGuaTgP7aM0Bbdwr,https://api.spotify.com/v1/audio-analysis/1BxfuPKGuaTgP7aM0Bbdwr,178427,4,Taylor Swift,Cruel Summer
0.474,0.631,5,-5.884,0,0.343,0.0687,0.0,0.132,0.425,180.051,audio_features,6Gg1gjgKi2AK4e0qzsR7sd,spotify:track:6Gg1gjgKi2AK4e0qzsR7sd,https://api.spotify.com/v1/tracks/6Gg1gjgKi2AK4e0qzsR7sd,https://api.spotify.com/v1/audio-analysis/6Gg1gjgKi2AK4e0qzsR7sd,189323,4,Juice WRLD,Bandit (with YoungBoy Never Broke Again)
0.513,0.796,1,-4.075,1,0.0629,0.00147,0.000209,0.0938,0.345,171.017,audio_features,0sf12qNH5qcw8qpgymFOqD,spotify:track:0sf12qNH5qcw8qpgymFOqD,https://api.spotify.com/v1/tracks/0sf12qNH5qcw8qpgymFOqD,https://api.spotify.com/v1/audio-analysis/0sf12qNH5qcw8qpgymFOqD,201573,4,The Weeknd,Blinding Lights
0.676,0.771,8,-3.675,1,0.0483,0.0237,7e-06,0.102,0.569,99.048,audio_features,3jjujdWJ72nww5eGnfs2E7,spotify:track:3jjujdWJ72nww5eGnfs2E7,https://api.spotify.com/v1/tracks/3jjujdWJ72nww5eGnfs2E7,https://api.spotify.com/v1/audio-analysis/3jjujdWJ72nww5eGnfs2E7,207133,4,Harry Styles,Adore You
0.665,0.741,0,-3.694,1,0.0787,0.154,3.02e-05,0.345,0.57,144.968,audio_features,4LIbjDbLweGCrHVw8QbMSb,spotify:track:4LIbjDbLweGCrHVw8QbMSb,https://api.spotify.com/v1/tracks/4LIbjDbLweGCrHVw8QbMSb,https://api.spotify.com/v1/audio-analysis/4LIbjDbLweGCrHVw8QbMSb,156893,4,Post Malone,Allergic
0.482,0.618,9,-5.673,0,0.197,0.647,0.000859,0.32,0.146,90.076,audio_features,39JRmdKFka1Oe09FoOCPI4,spotify:track:39JRmdKFka1Oe09FoOCPI4,https://api.spotify.com/v1/tracks/39JRmdKFka1Oe09FoOCPI4,https://api.spotify.com/v1/audio-analysis/39JRmdKFka1Oe09FoOCPI4,164620,3,Kanye West,Selah
0.692,0.809,2,-4.198,1,0.0602,0.524,0.0,0.147,0.864,123.911,audio_features,6LsAAHotRLMOHfCsSfYCsz,spotify:track:6LsAAHotRLMOHfCsSfYCsz,https://api.spotify.com/v1/tracks/6LsAAHotRLMOHfCsSfYCsz,https://api.spotify.com/v1/audio-analysis/6LsAAHotRLMOHfCsSfYCsz,190800,4,Shawn Mendes,If I Can't Have You
0.746,0.559,5,-4.008,1,0.0316,0.703,0.0,0.148,0.368,117.943,audio_features,4hDoWaIklSVAKLocU3IDBr,spotify:track:4hDoWaIklSVAKLocU3IDBr,https://api.spotify.com/v1/tracks/4hDoWaIklSVAKLocU3IDBr,https://api.spotify.com/v1/audio-analysis/4hDoWaIklSVAKLocU3IDBr,200680,4,Post Malone,I'm Gonna Be
0.834,0.73,8,-3.714,1,0.222,0.00513,0.0,0.124,0.446,155.008,audio_features,2xLMifQCjDGFmkHkpNLD9h,spotify:track:2xLMifQCjDGFmkHkpNLD9h,https://api.spotify.com/v1/tracks/2xLMifQCjDGFmkHkpNLD9h,https://api.spotify.com/v1/audio-analysis/2xLMifQCjDGFmkHkpNLD9h,312820,4,Travis Scott,SICKO MODE
0.671,0.714,7,-5.373,1,0.21,0.0844,1.48e-06,0.0568,0.477,105.137,audio_features,27356GVuMPFWiJSZCragoM,spotify:track:27356GVuMPFWiJSZCragoM,https://api.spotify.com/v1/tracks/27356GVuMPFWiJSZCragoM,https://api.spotify.com/v1/audio-analysis/27356GVuMPFWiJSZCragoM,140693,3,Ariana Grande,make up
0.664,0.316,5,-10.345,1,0.519,0.298,2.03e-06,0.0812,0.541,92.875,audio_features,43rA71bccXFGD4C8GOpIlN,spotify:track:43rA71bccXFGD4C8GOpIlN,https://api.spotify.com/v1/tracks/43rA71bccXFGD4C8GOpIlN,https://api.spotify.com/v1/audio-analysis/43rA71bccXFGD4C8GOpIlN,170640,4,Taylor Swift,I Forgot That You Existed
0.897,0.662,1,-6.903,0,0.292,0.0852,0.0,0.534,0.389,112.511,audio_features,78QR3Wp35dqAhFEc2qAGjE,spotify:track:78QR3Wp35dqAhFEc2qAGjE,https://api.spotify.com/v1/tracks/78QR3Wp35dqAhFEc2qAGjE,https://api.spotify.com/v1/audio-analysis/78QR3Wp35dqAhFEc2qAGjE,145543,4,Lil Baby,Drip Too Hard (Lil Baby & Gunna)
0.715,0.624,4,-3.046,0,0.114,0.11,0.0,0.123,0.412,158.087,audio_features,5qmq61DAAOUaW8AUo8xKhh,spotify:track:5qmq61DAAOUaW8AUo8xKhh,https://api.spotify.com/v1/tracks/5qmq61DAAOUaW8AUo8xKhh,https://api.spotify.com/v1/audio-analysis/5qmq61DAAOUaW8AUo8xKhh,173325,4,Lizzo,Truth Hurts
0.694,0.759,10,-5.667,0,0.398,0.137,0.0,0.167,0.77,140.055,audio_features,2MuMD298IpYqKF367wegUd,spotify:track:2MuMD298IpYqKF367wegUd,https://api.spotify.com/v1/tracks/2MuMD298IpYqKF367wegUd,https://api.spotify.com/v1/audio-analysis/2MuMD298IpYqKF367wegUd,245387,4,Logic,Homicide (feat. Eminem)
0.837,0.636,1,-7.643,1,0.086,0.0395,0.00125,0.342,0.274,145.972,audio_features,2t8yVaLvJ0RenpXUIAC52d,spotify:track:2t8yVaLvJ0RenpXUIAC52d,https://api.spotify.com/v1/tracks/2t8yVaLvJ0RenpXUIAC52d,https://api.spotify.com/v1/audio-analysis/2t8yVaLvJ0RenpXUIAC52d,288624,4,21 Savage,a lot
0.643,0.721,1,-5.248,1,0.0449,0.00268,6.51e-06,0.0898,0.317,102.914,audio_features,3NkJNL3WqO1Lqc3uNDxvCN,spotify:track:3NkJNL3WqO1Lqc3uNDxvCN,https://api.spotify.com/v1/tracks/3NkJNL3WqO1Lqc3uNDxvCN,https://api.spotify.com/v1/audio-analysis/3NkJNL3WqO1Lqc3uNDxvCN,190107,4,Ariana Grande,Don’t Call Me Angel (Charlie’s Angels) (with Miley Cyrus & Lana Del Rey)
0.367,0.111,4,-14.084,1,0.0972,0.978,3.97e-05,0.0897,0.198,82.642,audio_features,43zdsphuZLzwA9k4DJhU0I,spotify:track:43zdsphuZLzwA9k4DJhU0I,https://api.spotify.com/v1/tracks/43zdsphuZLzwA9k4DJhU0I,https://api.spotify.com/v1/audio-analysis/43zdsphuZLzwA9k4DJhU0I,196077,4,Billie Eilish,when the party's over
0.724,0.772,6,-4.389,0,0.184,0.248,0.0,0.308,0.347,95.074,audio_features,2leIuE4fdcJoNMSKu5Yr7a,spotify:track:2leIuE4fdcJoNMSKu5Yr7a,https://api.spotify.com/v1/tracks/2leIuE4fdcJoNMSKu5Yr7a,https://api.spotify.com/v1/audio-analysis/2leIuE4fdcJoNMSKu5Yr7a,168280,4,Post Malone,Staring At The Sun (feat. SZA)
0.521,0.125,9,-17.832,1,0.239,0.751,0.00207,0.265,0.0528,111.554,audio_features,4QIo4oxwzzafcBWkKjDpXY,spotify:track:4QIo4oxwzzafcBWkKjDpXY,https://api.spotify.com/v1/tracks/4QIo4oxwzzafcBWkKjDpXY,https://api.spotify.com/v1/audio-analysis/4QIo4oxwzzafcBWkKjDpXY,243725,4,Billie Eilish,xanny
0.894,0.416,9,-6.823,0,0.0538,0.312,0.0,0.146,0.463,116.96,audio_features,24bnCCysWnbNRNUT4LpHcP,spotify:track:24bnCCysWnbNRNUT4LpHcP,https://api.spotify.com/v1/tracks/24bnCCysWnbNRNUT4LpHcP,https://api.spotify.com/v1/audio-analysis/24bnCCysWnbNRNUT4LpHcP,116560,4,Kanye West,Everything We Need
0.623,0.608,1,-5.937,0,0.0434,0.426,0.0,0.105,0.263,84.98,audio_features,6MjNilJCVKJq0LfFvo5jWJ,spotify:track:6MjNilJCVKJq0LfFvo5jWJ,https://api.spotify.com/v1/tracks/6MjNilJCVKJq0LfFvo5jWJ,https://api.spotify.com/v1/audio-analysis/6MjNilJCVKJq0LfFvo5jWJ,208518,4,Juice WRLD,Fast
0.511,0.566,6,-7.23,0,0.2,0.349,0.0,0.34,0.218,83.903,audio_features,285pBltuF7vW8TeWk8hdRR,spotify:track:285pBltuF7vW8TeWk8hdRR,https://api.spotify.com/v1/tracks/285pBltuF7vW8TeWk8hdRR,https://api.spotify.com/v1/audio-analysis/285pBltuF7vW8TeWk8hdRR,239836,4,Juice WRLD,Lucid Dreams
0.752,0.488,6,-7.05,1,0.0705,0.297,9.11e-06,0.0936,0.533,136.041,audio_features,5p7ujcrUXASCNwRaWNHR1C,spotify:track:5p7ujcrUXASCNwRaWNHR1C,https://api.spotify.com/v1/tracks/5p7ujcrUXASCNwRaWNHR1C,https://api.spotify.com/v1/audio-analysis/5p7ujcrUXASCNwRaWNHR1C,201661,4,Halsey,Without Me
0.64,0.648,5,-8.113,0,0.187,0.124,0.0,0.0802,0.548,92.977,audio_features,4evmHXcjt3bTUHD1cvny97,spotify:track:4evmHXcjt3bTUHD1cvny97,https://api.spotify.com/v1/tracks/4evmHXcjt3bTUHD1cvny97,https://api.spotify.com/v1/audio-analysis/4evmHXcjt3bTUHD1cvny97,197867,4,Ed Sheeran,Beautiful People (feat. Khalid)
0.726,0.444,8,-8.922,0,0.372,0.283,0.143,0.177,0.569,185.044,audio_features,6IRdLKIyS4p7XNiP8r6rsx,spotify:track:6IRdLKIyS4p7XNiP8r6rsx,https://api.spotify.com/v1/tracks/6IRdLKIyS4p7XNiP8r6rsx,https://api.spotify.com/v1/audio-analysis/6IRdLKIyS4p7XNiP8r6rsx,168840,4,Billie Eilish,all the good girls go to hell
0.589,0.472,8,-8.749,1,0.0502,0.614,0.0,0.505,0.898,67.196,audio_features,2EjXfH91m7f8HiJN1yQg97,spotify:track:2EjXfH91m7f8HiJN1yQg97,https://api.spotify.com/v1/tracks/2EjXfH91m7f8HiJN1yQg97,https://api.spotify.com/v1/audio-analysis/2EjXfH91m7f8HiJN1yQg97,126267,4,Brenda Lee,Rockin' Around The Christmas Tree
0.645,0.862,11,-4.757,0,0.0965,0.0923,0.0,0.192,0.798,119.991,audio_features,5KawlOMHjWeUjQtnuRs22c,spotify:track:5KawlOMHjWeUjQtnuRs22c,https://api.spotify.com/v1/tracks/5KawlOMHjWeUjQtnuRs22c,https://api.spotify.com/v1/audio-analysis/5KawlOMHjWeUjQtnuRs22c,229773,4,BTS,Boy With Luv (feat. Halsey)
0.754,0.424,2,-8.463,1,0.0363,0.643,0.0,0.0652,0.806,119.705,audio_features,3hBXvHLlTHvnbwrPbeoyAj,spotify:track:3hBXvHLlTHvnbwrPbeoyAj,https://api.spotify.com/v1/tracks/3hBXvHLlTHvnbwrPbeoyAj,https://api.spotify.com/v1/audio-analysis/3hBXvHLlTHvnbwrPbeoyAj,130973,4,Bobby Helms,Jingle Bell Rock
0.906,0.382,10,-12.89,0,0.269,0.18,0.0,0.113,0.391,104.025,audio_features,3oh6SCCeLuXhFpEyepla6G,spotify:track:3oh6SCCeLuXhFpEyepla6G,https://api.spotify.com/v1/tracks/3oh6SCCeLuXhFpEyepla6G,https://api.spotify.com/v1/audio-analysis/3oh6SCCeLuXhFpEyepla6G,129264,4,Blueface,Thotiana
0.611,0.459,0,-3.926,0,0.0422,0.614,0.0,0.126,0.177,148.28,audio_features,0oPOuDmmkVp3h6puekhs6P,spotify:track:0oPOuDmmkVp3h6puekhs6P,https://api.spotify.com/v1/tracks/0oPOuDmmkVp3h6puekhs6P,https://api.spotify.com/v1/audio-analysis/0oPOuDmmkVp3h6puekhs6P,213878,4,Kanye West,Use This Gospel
0.716,0.823,5,-5.313,0,0.0495,0.132,0.0,0.361,0.91,151.957,audio_features,1DhRbox3xkceP64k3JeYfW,spotify:track:1DhRbox3xkceP64k3JeYfW,https://api.spotify.com/v1/tracks/1DhRbox3xkceP64k3JeYfW,https://api.spotify.com/v1/audio-analysis/1DhRbox3xkceP64k3JeYfW,161747,4,Ed Sheeran,Antisocial (with Travis Scott)
0.548,0.816,0,-4.209,1,0.0465,0.122,0.0,0.335,0.557,95.39,audio_features,6UelLqGlWMcVH1E5c4H7lY,spotify:track:6UelLqGlWMcVH1E5c4H7lY,https://api.spotify.com/v1/tracks/6UelLqGlWMcVH1E5c4H7lY,https://api.spotify.com/v1/audio-analysis/6UelLqGlWMcVH1E5c4H7lY,174000,4,Harry Styles,Watermelon Sugar
0.876,0.662,2,-6.482,0,0.426,0.0608,0.0,0.127,0.844,75.445,audio_features,2gwkD6igEhQbDQegRCcdoB,spotify:track:2gwkD6igEhQbDQegRCcdoB,https://api.spotify.com/v1/tracks/2gwkD6igEhQbDQegRCcdoB,https://api.spotify.com/v1/audio-analysis/2gwkD6igEhQbDQegRCcdoB,163320,4,DaBaby,Suge
0.939,0.305,8,-10.952,0,0.354,0.35,0.000169,0.105,0.563,100.029,audio_features,3Tc57t9l2O8FwQZtQOvPXK,spotify:track:3Tc57t9l2O8FwQZtQOvPXK,https://api.spotify.com/v1/tracks/3Tc57t9l2O8FwQZtQOvPXK,https://api.spotify.com/v1/audio-analysis/3Tc57t9l2O8FwQZtQOvPXK,179889,4,Billie Eilish,my strange addiction
0.678,0.533,4,-10.485,1,0.186,0.462,0.219,0.139,0.323,150.455,audio_features,3XF5xLJHOQQRbWya6hBp7d,spotify:track:3XF5xLJHOQQRbWya6hBp7d,https://api.spotify.com/v1/tracks/3XF5xLJHOQQRbWya6hBp7d,https://api.spotify.com/v1/audio-analysis/3XF5xLJHOQQRbWya6hBp7d,180953,4,Billie Eilish,you should see me in a crown
0.861,0.603,8,-5.788,0,0.176,0.0521,0.0,0.0924,0.504,98.043,audio_features,0FZ4Dmg8jJJAPJnvBIzD9z,spotify:track:0FZ4Dmg8jJJAPJnvBIzD9z,https://api.spotify.com/v1/tracks/0FZ4Dmg8jJJAPJnvBIzD9z,https://api.spotify.com/v1/audio-analysis/0FZ4Dmg8jJJAPJnvBIzD9z,228760,4,Kodak Black,ZEZE (feat. Travis Scott & Offset)
0.9,0.4,0,-8.443,1,0.124,0.0501,0.0,0.0876,0.338,136.001,audio_features,0rTV5WefWd1J3OwIheTzxM,spotify:track:0rTV5WefWd1J3OwIheTzxM,https://api.spotify.com/v1/tracks/0rTV5WefWd1J3OwIheTzxM,https://api.spotify.com/v1/audio-analysis/0rTV5WefWd1J3OwIheTzxM,197487,4,Khalid,Talk
0.663,0.675,2,-12.159,1,0.0359,0.0863,0.00133,0.117,0.176,101.004,audio_features,7wFybC8jBH3zE139OpCtpG,spotify:track:7wFybC8jBH3zE139OpCtpG,https://api.spotify.com/v1/tracks/7wFybC8jBH3zE139OpCtpG,https://api.spotify.com/v1/audio-analysis/7wFybC8jBH3zE139OpCtpG,202093,4,Gesaffelstein,Lost in the Fire
0.769,0.787,11,-3.909,1,0.367,0.189,0.0,0.129,0.836,126.77,audio_features,6Ozh9Ok6h4Oi1wUSLtBseN,spotify:track:6Ozh9Ok6h4Oi1wUSLtBseN,https://api.spotify.com/v1/tracks/6Ozh9Ok6h4Oi1wUSLtBseN,https://api.spotify.com/v1/audio-analysis/6Ozh9Ok6h4Oi1wUSLtBseN,159715,4,DaBaby,BOP
0.791,0.587,3,-5.075,0,0.0413,0.407,0.0,0.148,0.536,96.057,audio_features,3Ol2xnObFdKV9pmRD2t9x8,spotify:track:3Ol2xnObFdKV9pmRD2t9x8,https://api.spotify.com/v1/tracks/3Ol2xnObFdKV9pmRD2t9x8,https://api.spotify.com/v1/audio-analysis/3Ol2xnObFdKV9pmRD2t9x8,179449,4,A Boogie Wit da Hoodie,Look Back at It
0.696,0.454,1,-6.756,0,0.153,0.123,0.0,0.155,0.136,92.928,audio_features,6XHVuErjQ4XNm6nDPVCxVX,spotify:track:6XHVuErjQ4XNm6nDPVCxVX,https://api.spotify.com/v1/tracks/6XHVuErjQ4XNm6nDPVCxVX,https://api.spotify.com/v1/audio-analysis/6XHVuErjQ4XNm6nDPVCxVX,260640,4,Chris Brown,No Guidance (feat. Drake)
0.785,0.431,10,-8.756,0,0.0364,0.123,0.0,0.0887,0.236,127.085,audio_features,4TnjEaWOeW0eKTKIEvJyCa,spotify:track:4TnjEaWOeW0eKTKIEvJyCa,https://api.spotify.com/v1/tracks/4TnjEaWOeW0eKTKIEvJyCa,https://api.spotify.com/v1/audio-analysis/4TnjEaWOeW0eKTKIEvJyCa,159382,4,Trevor Daniel,Falling
